Rank,University Name,State,Country,Impact factor,Overall,Academic Reputation,Employer Reputation,Faculty Student Ratio,Citations per Faculty,International Faculty Ratio,International Students Ratio,International Research Network,Employment Outcomes,SAT,TOEFL,ATAR,IELTS,GRE,GMAT,GPA
1,Massachusetts Institute of Technology (MIT),Cambridge,United States,96.5,100,100,100,100,100,100,90,96.1,100,1520,100,,,,728,
2,University of Cambridge,Cambridge,United Kingdom,94.8,98.8,100,100,100,92.3,100,96.3,99.5,100,1460,100,98,7,,,3
3,University of Oxford,Oxford,United Kingdom,94.5,98.4,100,100,100,90,98.8,98.4,99.9,100,1470,100,98,7,,,3
4,Nanyang Technological University,Singapore,Singapore,94.2,88.4,90.4,76.1,83.2,94.1,100,74.1,89.6,84.6,,,,,,,
5,Stanford University,Stanford,United States,93.7,98.5,100,100,100,99.9,99.8,60.3,96.3,100,1420,101,,,,600,3
6,ETH Zurich,Zürich,Switzerland,93.4,93.6,98.6,91.3,74.2,99.2,100,98,96.2,91.1,,,,,,,
7,National University of Singapore (NUS),Singapore,Singapore,93.2,92.7,99.5,94.1,79.8,91.8,100,73.5,89.9,99.6,,,,,,,
8,Imperial College London,London,United Kingdom,93.1,97,98.3,99.7,99.5,86.5,100,100,98.1,88.8,,,,,,,
9,University of California,Berkeley,United States,91.9,82.7,100,100,23.9,99.9,93.3,57.7,96.7,99.1,1340,80,,6,,690,3
10,Delft University of Technology,Delft,Netherlands,91,70,71.6,80.2,34.5,84.4,100,83.7,95.9,64,,,,,,,
11,EPFL,Lausanne,Switzerland,90.9,89.2,83.7,71.8,91.1,99.4,100,100,87.3,28,,,,5,,,4
12,Harvard University,Cambridge,United States,90.7,97.6,100,100,99.4,100,76.9,66.9,100,100,1470,80,,,,610,3
13,Politecnico di Milano,Milan,Italy,89.6,52.4,67.8,76.8,5.4,53.5,57.5,54.3,87.8,39.7,,,,,,,
14,Tsinghua University,Beijing,China (Mainland),88.9,90.1,98.9,97.7,92.8,98.1,16.7,25.7,75.5,87.1,,,,,,,
15,California Institute of Technology (Caltech),Pasadena,United States,88.5,97,96.5,87.1,100,100,99.8,85.1,73,98.8,1520,110,,,,,3
16,Georgia Institute of Technology,Atlanta,United States,88.2,62.3,67.7,77,11.1,95.5,62.9,54.8,78.5,63.5,1400,90,,,,625,2
17,The University of Tokyo,Tokyo,Japan,86.7,85.3,100,99.7,91.9,73.3,10.4,27.8,89.5,97.8,,,,,,,
18,Carnegie Mellon University,Pittsburgh,United States,86.3,74.6,72.1,69,58.6,100,38.2,97.1,88.7,85.3,1330,105,,7,,,3
19,Technical University of Munich,Munich,Germany,86.1,76.4,84,96.8,96.4,25.8,70.3,95,91.8,37.5,,,,,,,
20,KAIST - Korea Advanced Institute of Science & Technology,Daejeon,South Korea,85.8,79.3,88.1,85.8,68.9,97.7,23.1,12.3,65.2,63.2,,,,,,,
21,Institut Polytechnique de Paris,Palaiseau Cedex,France,85.4,76.8,45.3,99.4,98.9,93.9,97,98.2,94.8,99.8,,,,,,,
21,The University of Manchester,Manchester,United Kingdom,85.4,82.3,95.1,97.7,63.1,59,93.4,99.4,98.9,66.4,1290,80,,6,,,2
23,The University of New South Wales (UNSW Sydney),Sydney,Australia,85.1,78,89,91.1,16.8,97.6,100,99.8,98.2,93,,,,,,,
24,The Hong Kong University of Science and Technology,Hong Kong SAR,Hong Kong SAR,85,79.8,82,50.1,62.6,98.6,100,87.9,56.2,91.2,,,,,,,
25,University of California,Los Angeles,United States,84.6,78.7,100,99.9,37.7,85.9,45.1,27.5,96.3,98,1370,100,,7,,680,3
26,University of Texas at Austin,Austin,United States,84.5,67.4,93.7,85.2,9.8,90.9,7.6,10.8,90.9,71.1,1170,79,,6,,,3
26,Universit Paris-Saclay,Gif-sur-Yvette,,84.5,68.1,57.2,99.2,99.7,49.5,43.7,59.1,97.1,7.8,,72,,5,,,
28,KTH Royal Institute of Technology,Stockholm,Sweden,84.4,62.1,45.8,58.2,70,76.4,97.1,70.2,89.9,81.4,,,,,,,
28,Tokyo Institute of Technology (Tokyo Tech),Tokyo,Japan,84.4,72.5,74.1,93.4,81.5,65.9,36.1,37.9,55.8,33.6,,,,,,,
30,The University of Melbourne,Parkville,Australia,84.1,81.6,98.6,94.9,17.9,95,93.1,99.8,97.6,91.1,1250,79,55,6,,680,
31,University of Illinois at Urbana-Champaign,Champaign,United States,84,63.6,85.6,60.9,9.5,88.7,20.3,46.4,92.2,70,1270,102,,7,,647,3
31,University of Michigan-Ann Arbor,Ann Arbor,United States,84,84.4,98.5,91.3,88.9,62.5,71.2,33.1,96.3,96,,100,,7,,680,3
33,Politecnico di Torino,Turin,Italy,83.9,33.1,36.6,47.3,2.5,54,3.3,41.8,71.3,15.5,,,,,,,
34,Seoul National University,Seoul,South Korea,83.7,82.2,98.6,97.8,87,70.3,12.2,10.3,79.3,97.7,,,,,,,
34,University of Toronto,Toronto,Canada,83.7,81.5,99.6,98.3,65.6,43.5,95.8,95.7,96.7,94,,100,,6,,500,3
36,University of British Columbia,Vancouver,Canada,83.3,77,98,95.4,56.5,42.1,89,74.9,97.9,75.2,,90,,6,,650,3
37,Purdue University,West Lafayette,United States,82.9,54.2,62.7,73.1,11.7,70.9,51.7,48.4,92.2,63.8,1190,80,,6,,,3
37,UCL,London,United Kingdom,82.9,95,99.4,98.6,97.6,77,99.2,100,100,90.3,,,,,,,
39,KU Leuven,Leuven,Belgium,82.6,66,83.8,53,7.7,92.7,91.9,43.3,99.1,44.8,,,,,,,
39,Monash University,Melbourne,Australia,82.6,71.6,87.6,80.8,11.2,79.3,100,100,95.1,56.8,,79,60,6,,,5
39,Shanghai Jiao Tong University,Shanghai,China (Mainland),82.6,77.4,82.7,90.2,57.7,97.1,40.9,38.4,73.9,57.8,,,,,,,
39,The University of Hong Kong,Hong Kong SAR,Hong Kong SAR,82.6,87,97.4,62.9,84.2,72.6,100,98.7,81.1,99,,,,,,,
43,Peking University,Beijing,China (Mainland),82.4,91.3,99.3,96.5,87.3,96.7,57.1,36.9,77.5,91.4,,,,,,,
44,Université PSL,Paris,France,82.3,83.8,74.4,97,99.8,84.1,59.7,83.6,99.7,53.9,,87,,5,,650,
45,Princeton University,Princeton,United States,82.1,89.2,99.9,98.9,72.6,100,26,62.2,78.5,100,1460,100,,7,,,
45,The University of Sydney,Sydney,Australia,82.1,79.6,96.2,91.7,15.6,92.1,99.3,100,97.3,90.8,,,,,,,
45,Universiti Malaya (UM),Kuala Lumpur,Malaysia,82.1,67.9,79.6,94.9,67.8,39.4,43.6,53,91.8,41.9,,,,,,,
48,Cornell University,Ithaca,United States,81.8,87.2,98.3,91.4,62.2,99.3,63.9,55.3,90,99.5,1390,100,,7,,650,3
49,Kyoto University,Kyoto,Japan,81.7,81.4,98.6,98.9,94.8,54.2,14.9,22.1,85.5,56.9,,,,,,,
49,University of Waterloo,Waterloo,Canada,81.7,50,40.2,77.6,7,82.5,79,82,83.6,87.7,,,,,,,
51,King Abdulaziz University (KAU),Jeddah,Saudi Arabia,81.5,57.8,48.4,70.7,66.3,50.6,99,54.3,93.4,10.5,,,,,,,
51,National Taiwan University (NTU),Taipei City,Taiwan,81.5,65.7,92.3,92.6,33.4,49.7,19,32.6,75,96.7,,,,,,,
53,McGill University,Montreal,Canada,81.4,81.9,93.3,93.6,68.9,59.6,87.6,95.1,95.2,90,,,,,,,
53,RWTH Aachen University,Aachen,Germany,81.4,51.1,49.5,88.7,5.4,73.3,48.3,81.1,84.1,30.8,,,,,,,
55,Technische Universität Berlin (TU Berlin),Berlin,Germany,81.3,49.3,55.1,64.9,48.5,23.6,46.1,75,83.2,31.6,,,,,,,
56,KIT,Karlsruhe,Germany,81.2,51.9,44.7,67.7,33.3,72,68.6,50.6,89.6,54.3,,,,,,,
57,Lomonosov Moscow State University,Moscow,Russia,81.1,66.8,80.5,77,99.8,5.3,19.2,91.9,87.5,91.2,,,,,,,
58,Eindhoven University of Technology,Eindhoven,Netherlands,80.8,52.7,28.9,72.8,50.5,78.2,100,56.9,72.3,45.1,,,,,,,
58,Universidad Politécnica de Madrid (UPM),Madrid,Spain,80.8,24.6,30.8,50.1,17.4,10.8,3.2,27.1,77.8,44.7,,,,,,,
60,Universitat Politècnica de Catalunya · BarcelonaTech (UPC),Barcelona,Spain,80.6,31.4,32.5,25.8,45.1,24.7,12.7,21.8,89.2,18.9,,71,,5,,,
61,University of California,San Diego,United States,80.5,74.5,90,61.6,55.6,77,54.9,53.7,96.9,21.2,1390,83,,7,,668,3
61,Zhejiang University,Hangzhou,China (Mainland),80.5,79.3,72.2,95.3,78.7,88.4,99.1,42.5,80.8,42.3,,,,,,,
63,Technical University of Denmark,Kongens Lyngby,Denmark,80.3,58,30.9,23.4,100,70.8,100,77.2,91.2,68.3,,,,,,,
64,Australian National University (ANU),Canberra,Australia,80,82.1,93.6,70.1,38,99.3,100,96,94.6,59.1,,,,,,,
65,Indian Institute of Technology Bombay (IITB),Mumbai,India,79.9,46.7,53.3,86.5,25.8,55.1,3.9,1.6,58,76.7,,,,,,,
66,Sorbonne University,Paris,France,79.8,70.1,90,41.7,40.6,86.3,28.3,54.7,99.6,60.9,,,,,,,
66,The University of Edinburgh,Edinburgh,United Kingdom,79.8,89.5,98,97.2,81.1,70.1,98.9,99.5,98.7,54.3,,,,,,,
68,Columbia University,New York City,United States,79.7,86.7,99.7,98.1,100,47.2,47.6,94.6,98.9,99.8,,100,,7,,530,3
69,The Hong Kong Polytechnic University,Hong Kong SAR,Hong Kong SAR,79.6,69,66.1,37,78.4,68.9,100,80.7,74.2,49.2,,,,,,,
70,Yale University,New Haven,United States,79.5,89,99.9,100,100,51.5,89.2,77.3,92,100,1450,100,,7,,690,3
71,University of Washington,Seattle,United States,79.2,64.7,84.8,48.6,10.8,100,32.5,36,97.6,84.1,1310,76,,6,,650,3
72,Indian Institute of Technology Delhi (IITD),New Delhi,India,78.9,46.5,49,79.2,27.7,65.2,2.6,1.7,42.2,84.8,,,,,,,
73,The University of Queensland,Brisbane City,Australia,78.8,74.8,86.6,75.6,20.2,90.8,100,100,94.6,41.8,,,,,,,
74,Universiti Teknologi Malaysia,Skudai,Malaysia,78.7,43,44.5,55.9,46.3,28.6,12,77.2,82.9,13.1,,,,,,,
75,Northwestern University,Evanston,United States,78.4,81.8,84.4,71.9,98.3,84.2,40.5,38.8,89,98.4,,100,,7,,590,3
76,Korea University,Seoul,South Korea,78.3,66.9,79.3,93.9,86.1,29.5,14.7,32.9,63.1,71.8,,,,,,,
77,Pennsylvania State University,University Park,United States,77.9,60.8,76.7,69.8,32.6,67.7,25.3,31,96.8,44.8,1330,80,,6,,560,3
77,Texas A&M University,College Station,United States,77.9,47.9,61.5,65,5,67.8,24.8,14.7,91.1,36.3,1360,80,,6,,570,
79,Pohang University of Science And Technology (POSTECH),Pohang,South Korea,77.8,67.7,47.4,69.4,100,98,34.7,2.9,30.9,54.8,,,,,,,
80,Chalmers University of Technology,Gothenburg,Sweden,77.7,54.5,27.9,60.7,60.5,81.6,100,72.4,84.1,22.5,,,,,,,
81,Sapienza University of Rome,Rome,Italy,77.6,46.8,78,36.6,4.5,50.2,3.4,11.4,98,55.8,,,,,,,
81,Tohoku University,Sendai City,Japan,77.6,64.9,71.8,78.1,98.6,34.2,14.1,16.4,66.8,18.7,,,,,,,
83,Alma Mater Studiorum - University of Bologna,Bologna,Italy,77.5,47.5,78.5,43.1,3.5,49.7,7.8,10.8,95.1,40.7,,,,,,,
83,University of Technology Sydney,Haymarket,Australia,77.5,53.2,41.8,66.1,9.6,90.4,94.6,97.6,89.5,39.9,,,,,,,
85,University of Southampton,Southampton,United Kingdom,77.4,65,50.7,56.6,63.3,82.7,96.1,93.8,96.7,42.8,,81,,6,,,2
86,Technische Universität Wien,Vienna,Austria,77.3,45.7,30.9,50.3,12.3,86.6,79.7,86.7,76.7,29.5,,,,,,,
87,King Fahd University of Petroleum & Minerals,Dhahran,Saudi Arabia,77.1,48.8,30.3,24.9,88.5,50.9,100,21.8,70.2,66.7,,,,,,,
87,University of Pennsylvania,Philadelphia,United States,77.1,90.6,96.5,92.5,99.9,70.9,96.2,66.1,93.3,100,1420,100,,7,304,500,3
89,The Chinese University of Hong Kong (CUHK),Hong Kong SAR,Hong Kong SAR,77,80.6,87.3,49.6,60.9,92.9,100,90.5,74.9,79.4,,,,,,,
90,Aalborg University,Aalborg,Denmark,76.9,32.5,19.8,28.1,34.2,47.8,73.2,30,90.3,24.3,,,,,,,
90,Technische Universität Dresden,Dresden,Germany,76.9,43.6,37.4,37,89.1,14.9,42.9,36,94.2,9.9,,,,,,,
92,City University of Hong Kong,Hong Kong SAR,Hong Kong SAR,76.8,73.6,57.3,29.4,88.6,98.1,100,100,55.1,57.2,,,,,,,
92,Fudan University,Shanghai,China (Mainland),76.8,81.5,83.6,93.5,89.3,70.4,89.3,38.7,70.6,65.7,,,,,,,
92,Osaka University,Osaka City,Japan,76.8,68.2,80.2,85.4,67.4,59.1,25,14.4,75.2,21,,,,,,,
92,University of Wisconsin-Madison,Madison,United States,76.8,63.7,82.4,48.1,70.6,41.9,37.7,23.8,93.2,84.6,1330,95,,6,,620,3
96,The University of Auckland,Auckland,New Zealand,76.7,62.7,81.5,48.3,22.4,54.1,99.9,92.4,87.2,79.2,,,,,,,
96,Universidade de São Paulo,São Paulo,Brazil,76.7,56.1,91.8,69.9,17.4,40.6,7.6,2.7,94.7,78.9,,,,,,,
96,University of Twente,Enschede,Netherlands,76.7,42.4,20.2,36.3,37,67.9,98.8,90.7,82.5,9.2,,,,,,,
96,Yonsei University,Seoul,South Korea,76.7,67,75.5,95.5,88.6,28.4,19.4,51.3,63.5,68.8,,,,,,,
100,University of Science and Technology of China,Hefei,China (Mainland),76.4,60.7,51.6,12.4,86.6,99.9,18.7,5.7,67,37.6,,,,,,,
101,Indian Institute of Technology Kharagpur (IIT-KGP),Kharagpur,India,76.2,37.2,30.2,48.3,13,86.4,3.7,1.1,52.4,65.6,,,,,,,
101,National Tsing Hua University,Hsinchu City,Taiwan,76.2,45.9,51.3,69,34.4,47.7,17.7,19.1,35.8,5.5,,,,,,,
103,Indian Institute of Technology Madras (IITM),Chennai,India,76.1,38.6,38,58.3,27.6,58.3,2.8,1.4,41.4,76.1,,,,,,,
104,Universidad Nacional Autónoma de México (UNAM),Mexico City,Mexico,76,58,96,95.1,43.2,2.9,9.3,2.6,91.3,61.5,,,,,,,
104,Université de Montréal,Montreal,Canada,76,55.9,57.4,47.2,76.2,27.6,89.5,53.7,86,19.3,,,,,,,
106,Hanyang University,Seoul,South Korea,75.9,49.4,45,79.1,83.2,17.6,18.8,43.8,68,33.9,,,,,,,
106,The University of Adelaide,Adelaide,Australia,75.9,57,52.3,35.2,17.2,94.5,99.8,99.8,93.1,40.2,1090,76,,6,,,4
108,National Taipei University of Technology,Taipei City,Taiwan,75.8,26.6,15.2,58.2,28.9,32.2,23.2,24.6,24.3,25.1,,,,,,,
108,University of Leeds,Leeds,United Kingdom,75.8,62.8,70.2,78.4,41.6,47.8,86.3,86.5,97.8,42.9,1290,87,86,6,,,2
110,Aalto University,Espoo,Finland,75.7,55.9,44.5,45.8,44.4,89.3,94.9,35.6,90.3,79.8,,,,,,,
110,The University of Sheffield,Sheffield,United Kingdom,75.7,59.5,58.7,53.5,59.4,46.9,85.3,97.8,94.7,33.7,1200,80,85,6,,580,3
110,University of Bristol,Bristol,United Kingdom,75.7,70,74.4,84.1,58.3,55.3,90.5,84.9,93.9,59.6,,,,,,,
113,Lund University,Lund,Sweden,75.6,60.1,68.8,50.9,51.3,41.4,95.8,76.6,97.6,64.9,,,,,,,
113,Norwegian University of Science And Technology,Trondheim,Norway,75.6,30.9,33.9,27,25.5,25.1,76.6,11.4,95.8,47.9,,,,,,,
113,Virginia Polytechnic Institute and State University,Blacksburg,United States,75.6,30.2,28.5,25.6,20,38.5,68.4,18.5,84.1,28.5,1100,80,,6,,600,3
116,ITMO University,St. Petersburg,Russia,75.4,30.5,11.9,15.5,96.2,7.3,23.1,42.8,61.7,4.2,,,,,,,
116,RMIT University,Melbourne,Australia,75.4,44.6,36.6,55.5,6.7,66,100,93.4,85.8,41,,,,,,,
118,King's College London,London,United Kingdom,75.3,81.2,88.8,83.2,74.5,60.5,98.6,100,99.3,56.9,,80,92,6,,,2
118,Universitat de Barcelona,Barcelona,Spain,75.3,45.5,71.9,28.1,13.6,44.5,14.6,26.5,96.9,53.5,,,,,,,
118,University of Nottingham,Nottingham,United Kingdom,75.3,56.2,59,75.3,36.9,45.2,90.3,76.7,98.1,32.5,1250,79,92,6,,650,3
121,University of Chicago,Chicago,United States,75.1,93.2,99.2,92.2,92.9,86.8,81.6,76,89.6,98.2,1020,100,,7,,610,2
122,Indian Institute of Technology Kanpur (IITK),Kanpur,India,75,37.6,32.6,49.3,17.4,79,2.3,1.2,25.9,73.8,,,,,,,
122,National Technical University of Athens,Athens,Greece,75,27.3,18.7,45.7,5.3,67.9,1.4,7.5,68.9,68,,,,,,,
122,The University of Western Australia,Perth,Australia,75,61.7,55.6,49.9,21.8,98.9,100,99.9,98.2,65,1150,82,80,6,,550,5
122,Xi’an Jiaotong University,Xi'an,China (Mainland),75,35.1,21.8,50.7,22.2,80.7,6.7,4.3,74.4,29,,,,,,,
126,University of Alberta,Edmonton,Canada,74.9,56.9,55.1,48.9,51.5,53.9,95.3,76.9,96.1,41,1200,90,,6,,613,3
126,University of Birmingham,Birmingham,United Kingdom,74.9,61.1,66,74.7,44.1,45.9,91,87.4,95.1,37.6,1320,80,,6,,,2
128,University of Southern California,Los Angeles,United States,74.8,53.7,54.6,59.1,28.4,71.7,36.1,77.4,89.2,94.8,1360,100,,7,,680,3
129,New York University (NYU),New York City,United States,74.7,80.3,95.9,99,98.1,28.9,31.3,94.4,92,99.7,1290,100,,7,,660,3
129,Newcastle University,Newcastle upon Tyne,United Kingdom,74.7,54.8,46.2,83.8,39.1,58.9,84.8,75.6,96.9,14.9,,,,,,,
129,Sungkyunkwan University (SKKU),Suwon,South Korea,74.7,58.9,60.2,72.7,83.9,37.8,18.9,38.7,58.8,33.9,,,,,,,
129,University of Maryland,College Park,United States,74.7,47.9,51.2,35.6,37.1,71.1,23.8,14.9,92.6,61.4,1380,100,,7,,660,2
129,Università di Padova,Padova,Italy,74.7,38.9,56.2,30.4,9.3,51.9,11.5,7.1,93.4,10.5,,,,,,,
134,Cairo University,Giza,Egypt,74.6,41.6,27.2,9.4,2.6,2.4,5.5,86.8,36.6,0,,,,,,,
134,The University of Warwick,Coventry,United Kingdom,74.6,69.1,71.8,89.3,43.1,63.1,98.1,99.2,93.6,62,660,87,94,6,,,2
134,University of California,Santa Barbara,United States,74.6,50.9,55.9,24,10.6,97.2,57.8,28.4,78.4,15.6,1270,80,,6,,,3
137,Harbin Institute of Technology,Harbin,China (Mainland),74.5,42,26.6,8.9,50.5,96.5,9.5,7.8,64.7,15.4,,,,,,,
137,Université Grenoble Alpes,Grenoble,France,74.5,33.8,43.3,12.5,8.3,51.1,25.7,37.8,97.4,13.3,,,,,,,
139,Tecnológico de Monterrey,Monterrey,Mexico,74.3,47.1,48.8,92.8,72.9,2.2,52.9,8.6,65.1,85.6,,,,,,,
139,Universidade Estadual de Campinas (Unicamp),Campinas,Brazil,74.3,42.5,68.7,32.7,11.6,43.2,8.1,3.2,84.1,13.4,,,,,,,
141,Universitat Politecnica de Valencia,València,Spain,74.2,28.4,26,10.2,60.3,17.6,4.8,20.8,84.6,13.9,,,,,,,
142,Istanbul Technical University,Maslak-Istanbul,Turkey,74.1,21.9,49.1,15,10.9,4.8,18.9,66.7,25,0,,,,,,,
142,Johns Hopkins University,Baltimore,United States,74.1,85.1,87.9,47.2,100,87.3,63.6,82.9,97.7,95.3,1520,100,,7,,650,3
142,Middle East Technical University,Ankara,Turkey,74.1,26.8,52.7,8.5,25,10.7,14.7,58.5,30.1,0,,,,,,,
145,Huazhong University of Science and Technology,Wuhan,China (Mainland),74,34.6,21.3,40.2,10.5,96,6.2,4.9,75,20.5,,,,,,,
145,Indian Institute of Science,Bangalore,India,74,49.5,37.6,22.9,56.3,100,11.7,1.9,46,14.8,,,,,,,
147,University of Wollongong,Wollongong,Australia,73.9,45.4,29.4,34.1,20.9,88,93.9,70.1,91.4,24.2,,79,70,6,,,
148,Technical University of Darmstadt,Darmstadt,Germany,73.8,36.9,20.8,38.8,6.1,81.4,63.6,76.5,82.2,37.5,,,,,,,
148,University of Amsterdam,Amsterdam,Netherlands,73.8,71.1,82.7,42.3,26.7,97.3,92.3,80.7,97.2,51.4,,,,,,,
150,Moscow Institute of Physics and Technology (MIPT / Moscow Phystech),Dolgoprudny,Russia,73.7,37.3,19.7,22.5,97.9,16,32.7,51,43.1,45.6,,72,,6,,,
150,National Yang Ming Chiao Tung University,Hsinchu City,Taiwan,73.7,43.2,34.8,74.6,50.3,46.2,23.8,22.3,42.8,51.3,,,,,,,
150,The Ohio State University,Columbus,United States,73.7,52,61.1,62.2,51.1,34.6,63,16.2,96.5,41.9,1300,79,,6,,530,3
150,Universiti Kebangsaan Malaysia (UKM),Bangi,Malaysia,73.7,54.2,57.9,62,93.1,9.4,42.8,38.7,76.5,5.6,,,,,,,
154,Duke University,Durham,United States,73.6,74.8,86.1,79.8,100,41.2,20.2,55.1,95.5,98.6,1490,100,,7,,,3
154,Institut National des Sciences Appliquées de Lyon (INSA),Lyon,France,73.6,25.7,7.5,31.7,37.8,32.3,29,79,81,28.2,,,,,,,
156,Kyushu University,Fukuoka City,Japan,73.5,53.5,56.6,65,84.9,26.8,15.1,20.7,66.1,22.4,,,,,,,
156,Queensland University of Technology (QUT),Brisbane,Australia,73.5,41.5,39.5,40,7.7,65.1,97.5,41.4,90,22.1,,,,,,,
156,University of Glasgow,Glasgow,United Kingdom,73.5,64.6,75.1,75.1,50.5,34.7,95.5,98.9,94.7,29.4,1280,90,,6,,580,3
159,Curtin University,Perth,Australia,73.4,44.4,30.5,41.2,13.9,89.4,100,44,93.7,20.1,,,,,,,
159,Universiti Teknologi PETRONAS (UTP),Seri Iskandar,Malaysia,73.4,30.4,16.4,29.8,31.8,46,85.2,18.4,65.5,10.6,,,,,,,
159,University of California,Davis,United States,73.4,58.2,64.8,51,27.1,68.7,84.7,70.2,90.2,25,1260,80,,7,,620,3
159,University of Minnesota Twin Cities,Minneapolis,United States,73.4,45.4,60.1,28.2,38.2,49.2,7.1,10.1,97.6,54.5,1220,79,,6,,690,3
163,Arizona State University,Phoenix,United States,73.3,41.8,46.7,40.2,8.2,59.9,67.7,37.1,90.2,33.4,1120,61,,6,,650,3
163,Michigan State University,East Lansing,United States,73.3,48.9,60.5,61.4,12.9,58.9,62.1,16.9,93.2,53.6,1130,79,,6,,674,3
165,Trinity College Dublin,Dublin,Ireland,73.2,59.1,67.9,48.2,25.7,60.2,99.8,93.3,87.3,97.9,,,,,,,
165,Universität Stuttgart,Stuttgart,Germany,73.2,30.7,24.1,24.2,5.7,65.8,36.7,47.3,80.9,28.3,,,,,,,
167,Cranfield University,Bedford,United Kingdom,73.1,82.5,81.9,83.6,86.1,78.1,0,0,0,0,,,,,,,
167,Institut polytechnique de Grenoble - Grenoble Institute of Technology,Grenoble,France,73.1,72.5,69.6,72.4,80,72.8,0,0,0,0,,,,,,,
167,Universiti Sains Malaysia (USM),Gelugor,Malaysia,73.1,51.6,59.7,66.6,65.2,13.4,25.4,75.3,79.6,6,,,,,,,
167,University of Liverpool,Liverpool,United Kingdom,73.1,44.6,42.7,34.3,41.5,33.7,87.5,88.5,98.1,38.9,1290,78,86,6,,600,3
171,Loughborough University,Loughborough,United Kingdom,73,38.1,29.9,65.9,22.2,37.7,84.3,63.7,88.2,25.6,,,,,,,
171,National Cheng Kung University (NCKU),Tainan City,Taiwan,73,41.4,47.2,71.9,40.7,22.2,27.8,22.9,51.4,17.9,,,,,,,
171,Saint Petersburg State University,Saint Petersburg,Russia,73,37.2,41.8,28.8,68.5,6.1,5.9,44.2,80.7,78.9,,,,,,,
174,King Abdullah University of Science & Technology (KAUST),Thuwal,Saudi Arabia,72.9,71,61.4,60.5,95.8,92.5,0,0,0,0,,,,,,,
175,Czech Technical University in Prague,Prague,Czechia,72.8,29.7,19.9,33.2,68.9,4.9,23.7,47.3,75,8.7,,,,,,,
175,Universidad de Chile,Santiago,Chile,72.8,47.5,80,92,12.5,13.9,9.4,5.6,77.4,42.6,,,,,,,
177,Ghent University,Ghent,Belgium,72.7,51.6,54,30.1,83.2,26.9,72.5,21.4,99.1,24.8,,,,,,,
177,University of Calgary,Calgary,Canada,72.7,39,36.1,50.5,21.2,41.9,80.6,54.2,85.2,35.3,,86,,6,,,3
179,Bandung Institute of Technology (ITB),Bandung,Indonesia,72.6,39.5,43.7,54.3,62.2,2.3,66.6,3.1,21.5,41.6,,,,,,,
179,Boston University,Boston,United States,72.6,57.2,62.3,57.2,40.4,61.6,33.7,83.3,86.9,80.5,1360,90,,7,,620,3
179,National University of Sciences And Technology (NUST) Islamabad,Islamabad,Pakistan,72.6,32,18.2,67.7,77,9.6,3,5.7,55.5,14.6,,,,,,,
179,Peter the Great St. Petersburg Polytechnic University,St. Petersburg,Russia,72.6,29.5,15,10.4,81.4,3.7,16.4,89.3,45.4,18.7,,,,,,,
179,Qatar University,Doha,Qatar,72.6,42.6,24.4,33.2,61.1,36.9,100,94.8,90.1,1.1,,,,,,,
179,University of Florida,Gainesville,United States,72.6,45.3,48.5,47,71.4,26.4,17.5,11.3,98,54,1360,80,,6,,465,3
185,Bangladesh University of Engineering and Technology,Dhaka,Bangladesh,72.5,14.1,25.2,21.7,9.5,1.1,11.7,46.8,0,0,,,,,,,
185,King Saud University,Riyadh,Saudi Arabia,72.5,39.4,34.5,13.1,60.8,29.3,98.6,23.3,93.4,83.4,,,,,,,
185,Universiti Putra Malaysia (UPM),Seri Kembangan,Malaysia,72.5,54.7,56.8,59.2,75.4,19.5,44.2,92.7,85,6.2,,,,,,,
185,Université catholique de Louvain (UCLouvain),Louvain-la-Neuve,Belgium,72.5,44.2,49.7,43,5.4,61.7,89.4,38.4,89.6,49.1,,,,,,,
189,Beijing Institute of Technology,Beijing,China (Mainland),72.4,30.7,20.7,15,37.7,64.3,3.4,4.7,63.4,14.5,,,,,,,
189,Nagoya University,Nagoya,Japan,72.4,56.3,59.8,54.3,90.6,33.9,15.8,20,66.5,35.1,,,,,,,
191,Bauman Moscow State Technical University,Moscow,Russia,72.3,40.3,27.2,50.2,100,1.4,37.3,41.2,8.6,16.5,,,,,,,
191,Rice University,Houston,United States,72.3,58.8,38.8,26.1,69.5,86.7,90,92.6,57.2,70.7,1460,100,,7,,660,3
193,The University of Newcastle,Callaghan,Australia,72.2,44.5,29.1,25.7,34.1,86.7,99.9,17.6,78.6,45.1,1090,76,,6,,,2
193,University of Strathclyde,Glasgow,United Kingdom,72.2,33.1,25.9,41.8,18.8,33.4,93.1,65.8,80,25.5,,,,,,,
195,Pontificia Universidad Católica de Chile (UC),Santiago,Chile,72.1,54.9,91.8,98.1,22.3,12.5,17.9,3.9,82.7,90.4,,,,,,,
195,University of Porto,Porto,Portugal,72.1,37.1,40.7,23.8,12.8,71.4,7.4,21.3,96.9,55.4,,,,,,,
197,Hokkaido University,Sapporo,Japan,71.9,51.9,55.6,60.7,77.8,30,18.3,17.2,72.8,16.7,,,,,,,
197,University of Pisa,Pisa,Italy,71.9,28.2,40.6,14.7,7,41.7,6.6,4.6,90.8,12.1,,,,,,,
199,Nanjing University,Nanjing,China (Mainland),71.6,53.9,57.7,17.7,32.3,96.1,54,8.2,74.9,29.6,,,,,,,
199,National Taiwan University of Science and Technology (Taiwan Tech),Taipei City,Taiwan,71.6,33,25.6,37.6,52.6,25.1,26.6,39.9,34.4,50.8,,,,,,,
199,Queen's University Belfast,Belfast,United Kingdom,71.6,39.9,31.7,27.6,34.5,37.3,99.3,99,95.1,11.4,,,,,,,
199,Tongji University,Shanghai,China (Mainland),71.6,42.4,33.2,10,26.6,87.5,66.2,35.8,71,25.9,,,,,,,
199,University of Bath,Bath,United Kingdom,71.6,,0,0,0,0,0,0,0,0,1250,90,,6,,600,2
199,Warsaw University of Technology,Warsaw,Poland,71.6,22.2,58.5,35.1,4.8,2,11.5,63.5,17.2,0,,,,,,,
199,Waseda University,Tokyo,Japan,71.6,42.8,58.7,96.5,27.2,4.4,28.4,35.2,63.5,72.2,,,,,,,
206,University College Dublin,Dublin,Ireland,71.5,,0,0,0,0,0,0,0,0,,,,,,,
206,University of Lisbon,Lisbon,Portugal,71.5,31.9,42.5,20.5,12.3,38.2,10,41.9,95.1,55.4,,,,,,,
208,Queen Mary University of London,London,United Kingdom,71.4,,0,0,0,0,0,0,0,0,1200,79,85,5,,600,3
208,Queen's University at Kingston,Kingston,Canada,71.4,38.8,38.6,69,6.1,49.6,70.3,33.2,77.6,74.1,1200,88,,6,,580,2
208,University of Naples - Federico II,Naples,Italy,71.4,27.5,34.2,14.8,4.8,55.4,2.6,1.1,91.3,17,,,,,,,
211,Budapest University of Technology and Economics,Budapest,Hungary,71.3,14.6,19.8,17,8.8,2.5,19.4,78.7,29.4,0,,,,,,,
212,Universitat Autònoma de Barcelona,Barcelona,Spain,71.2,45.8,62.2,28.9,11.8,66.9,20.7,20.2,94.1,20,,,,,,,
212,Utrecht University,Utrecht,Netherlands,71.2,56.3,65.8,26.6,35.1,79.6,58.3,23.1,94.7,42.5,1400,83,,6,,,
214,Humboldt-Universität zu Berlin,Berlin,Germany,71.1,54.1,90.1,55.6,8.7,29.5,58.1,33.9,91.4,26,,,,,,,
214,Universidade Federal do Rio de Janeiro,Rio de Janeiro,Brazil,71.1,32.1,58.1,25.3,19.3,8.9,9.2,1.6,77,52.2,,,,,,,
216,Ludwig-Maximilians-Universität München,Munich,Germany,71,70.4,92.6,75.7,56,45.5,64.2,38.8,94.7,39.3,,,,,,,
216,Uppsala University,Uppsala,Sweden,71,54.3,63.6,27.4,43.4,43.4,95.3,74.7,97.1,48.5,,,,,,,
218,Universidad Autónoma de Madrid,Madrid,Spain,70.9,42.2,59,55.5,37.3,20.8,9,14.7,89.3,23,,,,,,,
218,University of Colorado Boulder,Boulder,United States,70.9,33.8,37,13.5,41.8,36.8,30.2,5.8,89.6,47.2,1253,75,,6,,610,3
220,Brown University,Providence,United States,70.8,69.6,57.6,54.2,80.8,89.9,82.8,49.8,73.6,99.6,1488,100,,8,,,
220,Complutense University of Madrid,Madrid,Spain,70.8,41.2,69.2,57.4,22.3,10.2,5.7,15.1,96.4,67,,,,,,,
222,Aarhus University,Aarhus,Denmark,70.7,48.6,55.6,33.5,32.4,55.2,87.9,16.3,95.4,33.5,,,,,,,
222,Aristotle University of Thessaloniki,Thessaloniki,Greece,70.7,27.4,28.1,3.5,15.9,1.5,6.8,84.5,14.3,0,,,,,,,
222,Indian Institute of Technology Roorkee (IITR),Roorkee,India,70.7,29.9,16,23.9,9.6,94.5,1.1,2.5,35.6,18.4,,,,,,,
222,Khalifa University,Abu Dhabi,United Arab Emirates,70.7,45.6,16.6,15.2,91.7,51.9,100,69.7,72.8,15.8,,,,,,,
222,Novosibirsk State University,Novosibirsk,Russia,70.7,37.9,27.3,15.9,94,15.7,7.3,58,52.3,24.9,,,,,,,
222,University of Copenhagen,Copenhagen,Denmark,70.7,64.1,72.8,36.6,100,26,91.3,24.5,99.1,58.2,,,,,,,
228,North Carolina State University,Raleigh,United States,70.6,34.1,29.2,23,11.3,68.3,63.7,16,79,31.3,1344,85,,6,,625,3
228,University of California,Irvine,United States,70.6,39.5,39.7,18.4,12.9,59.9,72,69.1,85.8,11.6,1195,80,,6,,642,3
230,Wuhan University,Wuhan,China (Mainland),70.5,44.3,38.8,56.6,13.8,88.1,42.4,7.2,72.8,32.7,,,,,,,
231,American University of Beirut (AUB),Beirut,Lebanon,70.4,38.4,27.2,40.7,62.1,20,74.9,61.8,73.8,99,,,,,,,
231,Heriot-Watt University,Edinburgh,United Kingdom,70.4,36.3,14.9,29.6,21.3,65.8,100,94.9,64.3,31.9,,,,,,,
231,Universidad de Buenos Aires (UBA),Buenos Aires,Argentina,70.4,68.9,92.3,94,76,1.8,63.7,68.9,63,34.3,,,,,,,
234,Cardiff University,Cardiff,United Kingdom,70.3,47.8,46,47.7,40.3,41.8,84.1,74.7,91.4,19.5,,,,,,,
234,University of Illinois at Chicago (UIC),Chicago,United States,70.3,33.8,42,31.9,35.6,26.4,10.1,15.4,89.8,41.6,1030,80,,6,,500,3
236,IMT Atlantique,Nantes,France,70.2,65,48.4,85.7,71.5,61.6,0,0,0,0,,,,,,,
236,McMaster University,Hamilton,Canada,70.2,50.4,39.9,50.2,84.7,21.3,99.3,59.2,79.8,42.9,,86,,6,,600,2
236,Universidad Carlos III de Madrid (UC3M),Madrid,Spain,70.2,33.7,31,48.4,57.1,5.3,46.4,29.5,65,11.7,,,,,,,
236,University of Surrey,Guildford,United Kingdom,70.2,34.7,20.4,28.1,21.5,49.6,97.7,89.7,82.1,21,,,,,,,
240,Chulalongkorn University,Bangkok,Thailand,70.1,41.4,65.1,63.8,34.6,6.2,9.6,2.8,75.1,93.6,,,,,,,
240,Swansea University,Swansea,United Kingdom,70.1,27.2,18.5,33.7,25.9,24.4,72.8,52.8,83.2,7.3,,,,,,,
242,University of Canterbury | Te Whare Wānanga o Waitaha,Christchurch,New Zealand,70,36.2,38.9,39.6,11.3,33.2,98.5,52.7,67.6,54,,,,,,,
243,Deakin University,Burwood,Australia,69.9,37.5,27.6,30.7,4.7,66.8,97.8,80.5,85.3,28.8,,,,,,,
243,Ecole des Ponts ParisTech,Paris,France,69.9,46.5,8.4,55.3,97.4,56.7,36.3,95,43.8,90.4,,,,6,,,
243,National Research Tomsk Polytechnic University,Russia,Russia,69.9,28.6,9.4,7.8,91.9,5.3,8.9,80.6,78,4.5,,,,,,,
243,Universitas Indonesia,Depok,Indonesia,69.9,38.7,47.5,62.4,44.9,1.9,72.7,4.7,40.3,35.8,,,,,,,
247,Brno University of Technology,Brno,Czechia,69.7,12.3,29.4,20.2,6.3,12.2,68,73.9,26.3,0,,,,,,,
247,Northeastern University,Boston,United States,69.7,29.2,20.5,12.5,17.8,37.1,76,95.8,75.6,46.2,1400,100,,7,,627,3
247,University of Helsinki,Helsinki,Finland,69.7,57.8,65.3,44.6,66.5,49.8,67.9,5.8,95.2,62.5,,,,,,,
250,COMSATS University Islamabad,Islamabad,Pakistan,69.6,9.4,23.6,13.7,9,1.7,1.8,80.4,10.6,0,,,,,,,
251,Technion - Israel Institute of Technology,Haifa,Israel,69.5,27.9,25,24.3,35.4,23.2,67,4.6,54.4,49.1,,,,,,,
251,University of Trento,Trento,Italy,69.5,25.7,24.6,9.4,18,46.6,31.8,6.1,85.8,7.2,,,,,,,
253,Friedrich-Alexander-Universität Erlangen-Nürnberg,Erlangen,Germany,69.4,31.6,23.3,13.1,2.6,85.8,33.7,28.8,91.5,12,,,,,,,
253,University of Massachusetts Amherst,Amherst,United States,69.4,38.3,40.7,16.8,13.7,65.3,65.2,22.6,81.1,50.9,1190,80,,6,,639,2
255,École Centrale de Lyon,Lyon,France,69.2,71.2,67.6,72.5,78.4,71.3,0,0,0,0,,,,,,,
255,Sharif University of Technology,Tehran,Iran,69.2,29.6,11.6,31.8,7.7,98.3,8,1.3,52.3,82,,,,,,,
257,Gadjah Mada University,Yogyakarta,Indonesia,69.1,40.2,49.1,55.1,62.3,1.6,39.2,2,28.8,36.2,,,,,,,
257,Universidad de los Andes,Bogotá,Colombia,69.1,41.6,62.9,95,19.5,6.1,30.5,1.8,56.9,66.1,,,,,,,
259,Indian Institute of Technology Guwahati (IITG),Guwahati,India,68.9,29.3,15.1,16.9,9.5,96.3,3.4,1.3,36.6,23.5,,,,,,,
259,Keio University,Tokyo,Japan,68.9,44.1,50.3,91.9,60.3,6.6,10.6,12.4,46,83.7,,,,,,,
259,Ruprecht-Karls-Universität Heidelberg,Heidelberg,Germany,68.9,69,78.7,40.3,99.8,41.1,51.3,47.2,95.2,22.8,,,,,,,
259,The University of Arizona,Tucson,United States,68.9,37.8,39.6,22.4,67.6,21.5,20.5,13.5,97,40.7,1260,70,,6,,665,3
259,Universidad de Sevilla,Seville,Spain,68.9,37.4,8.9,16.8,9.1,3.9,11,93.1,4.2,0,,,,,,,
259,Ecole Centrale de Nantes,Nantes,France,68.9,73.1,68.9,78.5,79.4,67.2,0,0,0,0,,,,,,,
265,Lancaster University,Lancaster,,68.8,51.2,39.6,30,31.5,82.2,93.3,94.5,88.9,28.3,,,,,,,
265,Linköping University,Linköping,Sweden,68.8,33.7,19.8,25.6,32.5,55,74.7,36.2,89,22.3,,90,,6,,,
265,Stockholm University,Stockholm,Sweden,68.8,50.1,54.5,17.7,29.2,62.5,82,77.1,97.3,69.3,,,,,,,
268,Universidad Nacional de Colombia,Bogotá,Colombia,68.7,38.9,67.5,93.4,6.1,3.6,7.2,1.5,58.6,36.3,,,,,,,
269,Ain Shams University,Cairo,Egypt,68.6,20.4,18.6,9.5,1.9,26.8,6.3,72.5,31.8,0,,,,,,,
269,Graz University of Technology,Graz,Austria,68.6,36.1,13.5,7.6,99.1,15.7,75.6,61.2,59.7,40.7,,,,,,,
269,The National University of Science and Technology MISIS,Moscow,Russia,68.6,25.3,8.2,9.9,74.2,13.7,12.2,53.4,45.6,7.5,,,,,,,
269,University of South Australia,Adelaide,Australia,68.6,30.2,21.7,12.7,20.8,38.2,99.9,65.2,76,19.1,1030,60,65,6,,,4
273,Leibniz University Hannover,Hanover,Germany,68.5,21.2,36.4,16.7,10.4,31.4,32.8,72.2,3,0,,,,,,,
273,Western University,London,Canada,68.5,46.7,30.6,60.5,4.6,96.9,99.8,57.2,86,81,,83,,6,,,2
275,Macquarie University,Sydney,Australia,68.4,44.2,30.9,48.9,13.6,74.6,93,88.9,88.3,53.9,,,,,,,
275,University of Exeter,Exeter,United Kingdom,68.4,48.2,41.1,56.1,31.5,55.3,92.3,77.7,94.8,15.9,,,,,,,
277,Beihang University (former BUAA),Beijing,China (Mainland),68.3,26.3,13.1,4.4,31,67.8,8.3,5.5,52.1,13.8,,,,,,,
277,Bogaziçi Üniversitesi,Istanbul,Turkey,68.3,21,47.1,4.4,14.3,12.3,2.9,39,70.6,0,,,,,,,
277,Institut Teknologi Sepuluh Nopember (ITS Surabaya),Surabaya,Indonesia,68.3,13,30.3,30.7,1.8,60,2.9,12.2,19.8,0,,,,,,,
277,University of Notre Dame,Notre Dame,United States,68.3,38.9,26.6,44.2,61.5,47.3,23.5,15.2,74.8,74.8,1410,100,,7,,690,3
281,Durham University,Durham,United Kingdom,68.2,60.9,57.9,89.2,31,65.7,97.2,87.2,89.1,43.6,1300,92,89,6,,600,3
281,Instituto Politécnico Nacional (IPN),Ciudad de México,Mexico,68.2,20,50.9,9.2,2.8,2.9,1.2,60.9,9.5,0,,,,,,,
281,Rutgers University–New Brunswick,New Brunswick,United States,68.2,37.3,37.6,35.6,51.3,26.3,22.4,36.5,90.8,15.5,550,79,,6,,,
281,University of North Carolina at Chapel Hill,Chapel Hill,United States,68.2,58.2,65.5,44.7,80.4,46.6,27.2,10,90,67.4,1310,100,,7,,,3
281,University of Ottawa,Ottawa,Canada,68.2,39.4,25.9,38.8,4.4,80.3,90.5,70.8,90.7,10.8,,86,,6,,570,6
281,University of Zurich,Zürich,Switzerland,68.2,63.7,58,39.2,93.3,49.3,100,55.5,93.5,77.8,,,,,,,
287,National Research Nuclear University MEPhI (Moscow Engineering Physics Institute),Moscow,Russia,68,34.3,9.2,11.3,99.2,11.8,52.9,89.1,42.7,31.7,,,,6,,,
287,University of Cape Town,Cape Town,South Africa,68,39.4,43.6,50.7,15.7,44.6,62.1,30.1,95.5,92.8,,,,,,,
289,University College Cork,Cork,Ireland,67.9,35,29,38.1,36.7,25.9,94.6,42.6,76.3,32.8,,,,,,,
290,Tomsk State University,Tomsk,Russia,67.8,37.6,22.9,11.2,99.6,6.3,25.1,93.1,68.6,4.1,,,,5,,,
291,Bilkent University,Ankara,Turkey,67.7,20.2,34.1,16.2,16.5,64.2,8.9,31.7,37.3,0,,,,,,,
291,"University of Rome ""Tor Vergata""",Rome,Italy,67.7,24.2,31.6,12.6,6.8,34.3,9.4,29.4,75.2,14.6,,,,,,,
291,Ural Federal University - UrFU,Ekaterinburg,Russia,67.7,31.9,21.6,14,96.1,2.1,5.5,36.6,77.2,7.2,,72,,6,,,
294,Sun Yat-sen University,Guangzhou,China (Mainland),67.6,37.3,34.4,32.5,52.6,46,2.9,5,75.7,17.7,,,,,,,
295,National University of Ireland Galway,Galway,Ireland,67.5,37.2,26.4,31.6,70.7,13.5,91.3,37.9,75.7,39.3,,,,,,,
295,Washington State University,Pullman,United States,67.5,26.3,25.5,24.4,15.3,36.2,57.4,6.4,78.7,13.3,1010,79,,6,,600,2
297,Brunel University London,London,United Kingdom,67.4,27.7,11.1,13.2,9.9,49.4,99.7,98.6,86.7,22.4,1200,79,82,6,,,2
297,Southeast University,Nanjing,China (Mainland),67.4,25.5,11.1,6,29.5,68.7,10.4,3.9,62.1,5.2,,,,,,,
297,Tampere University,Tampere,Finland,67.4,27.6,23.7,27.7,27.7,37.8,36.3,6.9,84.3,5.8,,,,,,,
297,University of Groningen,Groningen,Netherlands,67.4,51.4,51.6,21.6,54.4,42.2,93.4,86.9,96.3,20.9,,,,,,,
297,University of Oslo,Oslo,Norway,67.4,58.7,54.9,14.5,83.8,62.7,86.2,27.5,97.9,65.7,,,,,,,
302,University of Vienna,Vienna,Austria,67.3,50.6,69.4,55.3,24.2,14.1,98.9,89.2,96.6,73,,,,,,,
303,Université du Québec,Québec,Canada,67.2,19.5,19.5,1.7,43.8,38.1,14.5,90.2,3.9,0,,,,,,,
304,Freie Universitaet Berlin,Berlin,Germany,67.1,55.8,80.7,44.9,4,63.5,63,42,91.9,33.3,,,,,,,
304,Universite libre de Bruxelles,Brussels,Belgium,67.1,42.5,34.3,50.4,4.1,67.8,96.6,86.3,82.2,49.6,,,,,,,
304,University of Virginia,Charlottesville,United States,67.1,38.3,35.2,37.5,60.7,36.5,6.7,10.9,84.9,81.5,1320,90,,7,,718,3
304,Universität Hamburg,Hamburg,Germany,67.1,40.7,50.8,19.8,16,58.9,43.3,21.1,93.2,34.4,,,,,,,
308,Kyung Hee University,South Korea,South Korea,67,37.2,24.9,39,85.7,13.3,15.3,52.4,63.1,10.2,,,,,,,
308,UNESP,Sao Paulo,Brazil,67,24.9,37,23.5,19.1,16.8,6.1,2.3,74.8,2.8,,,,,,,
308,University of Houston,Houston,United States,67,14.4,15.8,4.4,35.2,6.3,9.1,77.2,29.9,0,1080,79,,6,,610,
308,University of Jordan,Amman,Jordan,67,26.9,38.6,17,2.9,18.3,28.7,57.8,30.8,0,,,,,,,
308,University of Tehran,Tehran,Iran,67,22.6,27.5,4.2,55.8,2,2,80.2,28.5,0,,,,,,,
313,HSE University,Moscow,Russia,66.9,34.3,26.9,32.6,92.6,1.9,7.8,17.2,70.6,25.5,,60,,5,,,
313,Leiden University,Leiden,Netherlands,66.9,54.1,68.1,23.4,22.2,65.8,85.1,47.2,94.7,30,,,,,,,
313,TU Dortmund University,Dortmund,Germany,66.9,13.6,8.4,18.2,8,22.5,23,68.3,5.1,0,,,,,,,
316,Case Western Reserve University,Cleveland,United States,66.8,46.2,18.3,20.2,89.1,65.8,47.8,64.6,72.5,40.9,1310,90,,6,,613,3
316,Colorado School of Mines,Golden,United States,66.8,6.9,9.2,24.9,67.7,22.3,11.5,40.7,24.5,0,1400,,,,,,3
316,RUDN University,Moscow,Russia,66.8,35.5,19.7,33.9,92.7,1.8,9.7,93,79.1,8.7,,79,,5,,,
316,Tianjin University,Tianjin,China (Mainland),66.8,34.4,18.3,4.3,31.2,92,16.3,19.6,69.5,30.6,,,,,,,
316,Vrije Universiteit Amsterdam,Amsterdam,Netherlands,66.8,42.3,39.7,12.6,30,70,64.6,33.5,89.8,19,,,,,,,
321,Rensselaer Polytechnic Institute,Troy,United States,66.7,25.5,8.4,6.5,21,70.5,12.2,48.9,41,57.3,1320,88,,7,,690,3
321,Technische Universität Braunschweig,Braunschweig,Germany,66.7,9.3,16,60.5,7.6,28.5,76.1,9.4,0,0,,,,,,,
323,Alexandria University,Alexandria,Egypt,66.6,19.6,10.4,6.2,1.9,2.4,3.4,62.2,4.7,0,,,,,,,
324,University of Engineering & Technology (UET) Lahore,Lahore,Pakistan,66.5,7.6,42.9,15.4,4.7,1.1,4.3,38.2,34.8,0,,,,,,,
324,University of Pittsburgh,Pittsburgh,United States,66.5,45.6,39.9,16.3,96.3,37.4,7.9,13.8,90.3,44,1250,80,,6,,640,2
326,University of Milan,Milan,Italy,66.4,33.2,49.8,15,5.4,48.5,9,7.1,88.4,16.5,,,,,,,
326,University of Patras,Patras,Greece,66.4,11.7,21.1,2.6,22.8,1.6,5.4,74.8,9.4,0,,,,,,,
328,Swinburne University of Technology,Melbourne,Australia,66.3,35.4,13,16.4,12.2,87,97.8,72.2,76.6,18.1,1090,76,,6,,,2
328,United Arab Emirates University,Al Ain,United Arab Emirates,66.3,35.4,26.3,36.6,59.4,11.5,100,38.2,70.8,86.8,,,,,,,
328,University of Granada,Granada,Spain,66.3,24.4,42.1,7.8,6.4,21.7,3.7,17.4,95.6,4.1,,,,,,,
328,Vrije Universiteit Brussel (VUB),Brussels,Belgium,66.3,38.5,22.7,16.1,76.2,23.8,92.1,60.5,90.8,52,,,,,,,
332,Concordia University,Montreal,Canada,66.2,14.3,23.2,3.1,24.3,80.8,91.6,74.9,33.5,0,,,,,,,
332,National Central University,Taoyuan City,Taiwan,66.2,20.1,25.4,27.2,20.6,15.3,10.2,37.9,16,0,,,,,,,
332,Singapore University of Technology and Design,Singapore,Singapore,66.2,56.8,63.5,63.2,54.4,0,0,0,0,0,,,,,,,
332,University of Dhaka,Dhaka,Bangladesh,66.2,19.4,34.2,12.9,2.4,1.8,1.1,27.6,56.3,0,,,,,,,
336,Université Paul Sabatier Toulouse III,Toulouse,France,66.1,18.9,3.5,43.1,15.9,6.1,25.5,91.2,4.3,0,,,,,,,
336,Université de Technologie de Compiègne (UTC),Compiègne,France,66.1,59.5,65.9,73.5,64.9,0,0,0,0,0,,,,,,,
338,University of Limerick,Limerick,Ireland,66,17.1,34.5,12.8,22.3,87.9,23.8,67.9,17.4,0,,,,,,,
339,Quaid-i-Azam University,Islamabad,Pakistan,65.9,30.2,15.4,38.4,2.6,95.8,3.8,2.6,59.2,16.6,,,,,,,
340,Dalian University of Technology,Dalian,China (Mainland),65.8,8.2,2.3,15.7,71.9,12.5,2.8,61.1,13.2,0,,,,,,,
340,Riga Technical University,Riga,Latvia,65.8,11.8,22.4,22.6,3,15.9,57.5,30,61,0,,,,,,,
340,University of St Andrews,St. Andrews,United Kingdom,65.8,59.5,46.2,67.6,61.1,58.9,98.8,99.7,83.4,44.1,1320,92,92,6,,580,3
340,University of Tsukuba,Tsukuba City,Japan,65.8,34.1,33.9,17.5,63.5,19.2,15,26.5,61,13,,,,,,,
340,Université de Lille,Lille,France,65.8,25,3.7,4.8,10.9,18.3,19.3,92.2,4.6,0,,,,,,,
340,Université de Liège,Liège,Belgium,65.8,18,25,15.9,27.1,47.9,49.5,85.9,15.2,0,,,,,,,
346,Gwangju Institute of Science and Technology (GIST),Gwangju,South Korea,65.7,36,14.5,6.6,39.2,100,22.1,8.8,34.5,13.7,,,,,,,
346,Universidade Federal de Minas Gerais,Belo Horizonte,Brazil,65.7,31,8.7,11.8,8.6,9,2.1,62.8,37.6,0,,,,,,,
346,University of Central Florida,Orlando,United States,65.7,14.2,25.7,2.9,26,14.7,4.8,77.4,11.8,0,1328,80,,6,,560,3
346,University of Oulu,Oulu,Finland,65.7,29,15.6,22.6,30,55.6,56.8,7.5,84.4,24.6,,,,,,,
346,University of Texas Dallas,Richardson,United States,65.7,14.2,17,4,64.1,14.6,35.9,70.2,4.8,0,1210,80,,6,,600,3
346,Vellore Institute of Technology (VIT),Vellore,India,65.7,9.3,9.2,7.8,15.9,15.4,2.5,62.6,18.2,0,,,,,,,
352,Florida State University,Tallahassee,United States,65.6,26.7,37.1,8.2,33.1,15,4.2,72.8,22.3,0,1120,80,,6,,550,3
352,University at Buffalo SUNY,Buffalo,United States,65.6,27.2,17.7,10.6,7.2,57.9,76,42.7,70.9,35.5,1180,79,,6,,,3
352,University of Pretoria,Pretoria,South Africa,65.6,23.4,47.7,3.4,21.1,31.1,7.4,94.6,56,0,,,,,,,
352,Wroclaw University of Science and Technology (WRUST),Wroclaw,Poland,65.6,11.4,20.4,30.5,5.3,3,4.7,66.6,4.6,0,,,,,,,
356,Albert-Ludwigs-Universitaet Freiburg,Freiburg im Breisgau,Germany,65.5,45.2,47.4,18.6,36.5,57.3,67.6,41,89,19.3,,,,,,,
356,Vilnius Gediminas Technical University (VILNIUS TECH),Vilnius,Lithuania,65.5,9.6,20.6,36.3,7.7,13,28.9,44.2,23.9,0,,,,,,,
358,Iowa State University,Ames,United States,65.4,24.8,19.4,13.9,7.9,65.8,6,10.3,85.1,31,1060,71,,6,,515,3
358,Universiti Malaysia Pahang,Kuantan,Malaysia,65.4,9.2,8.4,15.5,23.9,29.7,10.7,58.2,9.2,0,,,,,,,
360,Hanoi University of Science and Technology,Hanoi,Vietnam,65.3,7.6,6.8,3.3,5.3,3.7,1.2,59.7,25.8,0,,,,,,,
360,University of Bordeaux,Talence,France,65.3,30.8,5.5,19.6,20.2,27.3,21.4,95.2,8.7,0,,,,,,,
362,Jordan University of Science & Technology,Irbid,Jordan,65.2,16.6,24.7,15,4.4,8.1,20,54.1,17.6,0,,,,,,,
362,University of Rochester,Rochester,United States,65.2,51.1,23.8,20.1,99.3,55,74.9,95.1,75.1,46.5,1280,100,,7,,610,3
362,Université Laval,Québec,Canada,65.2,26.9,20,17.8,32,27.6,67.4,33.5,84.6,17,,,,,,,
362,Viet Nam National University Ho Chi Minh City (VNU-HCM),Ho Chi Minh City,Vietnam,65.2,20.5,18.5,9.3,1.8,5.3,1.3,43.9,33.6,0,,,,,,,
366,National and Kapodistrian University of Athens,Athens,Greece,65.1,24.9,32.1,2.2,27.6,8,15.8,90.6,19.4,0,,,,,,,
366,University of Aberdeen,Aberdeen,United Kingdom,65.1,41.6,28.3,36,33.5,50.6,94.8,97.6,87.4,19,1250,78,,6,,600,3
366,University of Geneva,Geneva,Switzerland,65.1,54.5,46.5,20,44.8,74,100,96.7,92.8,45.9,,,,,,,
366,University of Turin,Turin,Italy,65.1,25,37.5,6.5,3.3,39.8,5.2,6.6,86.5,23,,,,,,,
366,University of York,York,United Kingdom,65.1,48.4,43.3,36.1,45,48.6,88.1,82.1,88.9,23.7,1200,87,85,6.5,,580,2.8
366,Università degli Studi di Pavia,Pavia,Italy,65.1,20.5,5.6,7.1,52.5,7.4,13,86.5,19.8,0,,,,,,,
372,Dublin City University,Dublin,Ireland,65,25.2,19.1,32.4,31.3,16.4,76.4,16.2,73.5,50.3,,,,,,,
372,Florida International University,Miami,United States,65,14.3,24.2,11.2,16,20.9,13.3,90.6,14.5,0,1030,80,,6,,500,3
372,Koç University,Istanbul,Turkey,65,24.9,20.4,36.3,31.2,23.4,30.3,10.6,42.6,24,,,,,,,
372,Victoria University of Wellington,Kelburn,Wellington,65,36.9,44.8,30.1,10.5,30.9,99.4,50.2,69.7,63.6,500,80,75,6,,,3
372,École Normale Supérieure de Lyon,Lyon,France,65,56.6,31.8,12.6,94.3,96.4,66,17.4,70.1,44.3,,,,,,,
377,Colorado State University,Fort Collins,United States,64.9,27.9,19.1,19.2,63.5,20.8,21.2,5.3,77.9,19.8,1050,80,,6,,500,3
377,Illinois Institute of Technology,Chicago,United States,64.9,26.3,14.8,8.2,14.7,52.9,23.7,95,31.3,22.8,,,,,,,
377,Jilin University,Changchun,China (Mainland),64.9,24.3,13.5,44.5,42,25.8,13.7,2.4,55.5,20.2,,,,,,,
377,University of Warsaw,Warsaw,Poland,64.9,36.1,48.9,63.3,38.4,7.1,8.6,9.3,78,59.3,,,,,,,
381,Sabanci University,Istanbul,Turkey,64.8,16.2,27.4,37,18.1,40.5,17,24.3,46.9,0,,,,,,,
382,Charles University,Prague,Czechia,64.7,36,45.3,34.9,41.3,10.7,23.9,51.6,96,41.5,,,,,,,
382,Pusan National University,Busan,South Korea,64.7,20,17.7,32.8,13.6,8.2,10.2,41.8,11.3,0,,,,,,,
382,University of Science and Technology Beijing,Beijing,China (Mainland),64.7,27.1,13.1,3.4,11.8,93.2,3.7,3.4,56.2,4.6,,,,,,,
382,Université de Strasbourg,Strasbourg,France,64.7,26.8,40.7,6.8,5.1,24.9,37.3,37.4,86.6,11.2,,,,,,,
386,Shandong University,Jinan,China (Mainland),64.6,28.7,13.8,32.8,19.2,76.4,9.8,3.8,59.4,17.7,,,,,,,
386,Ulsan National Institute of Science and Technology (UNIST),South Korea,South Korea,64.6,44.1,11.8,7.4,79.8,99.9,38.3,12,31.7,14.9,,,,,,,
386,Universidad Técnica Federico Santa María (USM),Valparaíso,Chile,64.6,10.4,38,4.7,5.6,11.3,2.2,47.7,8.1,0,,,,,,,
386,Vietnam National University,Hanoi,Vietnam,64.6,16.6,14.7,12.1,2.3,4.6,1.3,56.3,22.9,0,,,,,,,
390,Goethe-University Frankfurt am Main,Frankfurt,Germany,64.5,32.9,45.4,28.6,26.4,15.6,37.9,27.5,93.7,7.6,,,,,,,
390,Lebanese University,Beirut,Lebanon,64.5,19.5,47.8,12.7,2,44.9,34.3,49.4,12.2,0,,,,,,,
390,Lulea University,Luleå,Sweden,64.5,65.5,54.9,83.6,64.9,0,0,0,0,0,,,,,,,
390,Simon Fraser University,Burnaby,Canada,64.5,32.9,24.9,21.2,5.4,52.5,93.8,88.3,75.6,24.9,1130,88,,6,,,
390,University of Coimbra,Coimbra,Portugal,64.5,26.5,30.1,13.8,14.5,38.6,12.3,33.7,86.3,30.9,,,,,,,
390,University of Florence,Florence,Italy,64.5,25.6,32.5,6.3,5.2,47.4,10.3,17,90.4,12.4,,,,,,,
396,American University of Sharjah,Sharjah,United Arab Emirates,64.4,29.9,18.7,35.8,26.2,17.3,100,100,30.2,79.3,,,,,,,
396,Griffith University,Nathan,Australia,64.4,35.2,26.1,16.6,7.6,71.7,99.9,40.5,90,27,1020,79,75,6,,,4
396,South China University of Technology,Guangzhou,China (Mainland),64.4,28,10.7,3.5,18.6,93.7,10.5,4.6,65.1,28.9,,,,,,,
396,Universidade Nova de Lisboa,Lisbon,Portugal,64.4,29.9,28.7,20.5,25,35,23.6,60.8,88.4,22.1,,,,,,,
396,University of Delaware,Newark,United States,64.4,10.4,9.6,8.5,58.8,37.2,16,61.2,28.8,0,1200,90,,6,,550,3
400,AGH University of Science and Technology,Krakow,Poland,,8.8,11.8,33.9,7.4,2.3,2.5,64.7,5.4,0,,,,,,,
401,Aix-Marseille University,Marseille,France,,24.5,36,3.5,9.1,28.8,20,21.8,98.1,9.9,,,,6,,570,
402,Amirkabir University of Technology,Tehran,Iran,,26.3,5,23.4,4.9,99.6,15.7,2.4,62.6,39.9,,,,,,,
403,Asian Institute of Technology,Pathumthani,Thailand,,69.8,67.7,52.8,48,0,0,0,0,0,,,,,,,
404,Beijing Jiaotong University,Beijing,China (Mainland),,10,4.2,17.5,26,5.7,11.8,47.4,11.6,0,,,,,,,
405,Carleton University,Ottawa,Canada,,9.6,18.3,2.8,45.5,36.2,50.8,58.2,47,0,,86,,6,,550,2
406,City University of New York,New York City,United States,,24.4,37.7,10.3,5.7,7.4,5.4,92.1,21.3,0,1250,45,,5,,570,3
407,Duy Tan University,Da Nang,Vietnam,,8.8,24.7,3.9,19.5,37.6,1.2,81.8,23.3,0,,,,,,,
408,Gdańsk University of Technology,Gdańsk,Poland,,8.5,13.1,37.3,11.1,3.3,5.3,61.8,6.6,0,,,,,,,
409,Hiroshima University,Higashihiroshima City,Japan,,31.8,22.4,13,87.2,10.3,20.1,17,57.2,4.9,,,,,,,
410,Indiana University Bloomington,Bloomington,United States,,31.7,36.6,26.3,28.4,29.4,43.3,11.8,87.1,63.8,1040,79,,6,,664,3
411,Jeonbuk National University,Jeonju,South Korea,,14.4,10.3,62.4,10.8,8.7,8.3,40.6,6.2,0,,,,,,,
412,Kazan (Volga region) Federal University,Kazan,Russia,,33.4,20.8,7.6,91.4,3.2,11.1,93.1,80.7,12.9,,,,5,,,
413,Lahore University of Management Sciences (LUMS),Lahore,Pakistan,,14.9,67.6,32.1,5.5,9,2.1,18.8,92.7,0,,,,,,,
414,National Sun Yat-sen University,Kaohsiung City,Taiwan,,27.1,25.3,24.9,36.7,27.3,20.6,10.6,31.2,7.5,,,,,,,
415,"National Technical University of Ukraine ""Igor Sikorsky Kyiv Polytechnic Institute""",Kyiv,Ukraine,,14.7,26.7,43.6,1.5,1.2,2.8,15.2,15.7,0,,,,,,,
416,Northumbria University at Newcastle,Newcastle upon Tyne,United Kingdom,,9.8,23.1,11.4,14.7,61.4,69.6,79.1,13.8,0,1240,79,85,6,,580,
417,Oregon State University,Corvallis,United States,,16.2,7,24,37.2,13.9,13.8,89.4,16.6,0,1060,80,,6,,500,3
418,Rheinische Friedrich-Wilhelms-Universität Bonn,Bonn,Germany,,43.3,51.3,16.9,68.1,15.1,51.9,32.1,92.4,22.8,,,,,,,
419,Sant'Anna - Scuola Universitaria Superiore Pisa,Pisa,Italy,,59.4,55.6,82.5,59.8,0,0,0,0,0,,,,,,,
420,Sejong University,Seoul,South Korea,,11.8,16.7,17.3,48.2,26.5,26.1,57.7,3.9,0,,,,,,,
421,Shanghai University,Shanghai,China (Mainland),,27.3,21.1,8.5,54.2,22.3,44.3,7,56,13,,,,,,,
422,Singapore Management University,Singapore,Singapore,,11.2,16.9,13.5,24.2,100,60.7,14.3,84.8,0,,,,,,,
423,Technische Universität Hamburg,Germany,Germany,,63.4,52.2,73.3,67.6,0,0,0,0,0,,,,,,,
424,Technological University Dublin,Dublin,Ireland,,11.4,14.6,12,3.4,33.3,45.8,27.6,13.8,0,,,,,,,
425,The American University in Cairo,Cairo,Egypt,,27.5,28.3,20.2,40.8,4.1,96.1,4.3,21.9,92.5,950,48,,5,,500,